600,631.1021118,130,1,1,0
600,52.21989822,130,1,1,0
600,210.6676941,130,1,1,0
600,208.6770935,130,1,1,0
600,142.8829956,130,1,1,0
600,261.2561951,130,1,1,0
600,140.1490021,130,1,1,0
600,305.2070007,130,1,1,0
600,101.1138,130,1,1,0
600,297.0544128,130,1,1,0
600,243.8399963,130,1,1,0
600,182.7238007,130,1,1,0
600,339.2200012,130,1,1,0
600,384.8711853,130,1,1,0
600,309.8323059,130,1,1,0
600,150.2243958,130,1,1,0
600,94.41390228,130,1,1,0
600,158.8740997,130,1,1,0
600,404.0863037,130,1,1,0
600,88.39369965,130,1,1,0
600,142.2519989,130,1,1,0
600,129.9436035,130,1,1,0
600,93.77189636,130,1,1,0
600,54.79339981,130,1,1,0
600,134.3742065,130,1,1,0
600,91.44180298,130,1,1,0
600,88.39369965,130,1,1,0
600,95.05719757,130,1,1,0
600,95.05719757,130,1,1,0
600,91.44000244,130,1,1,0
600,316.2897949,130,1,1,0
600,214.480896,130,1,1,0
600,71.41349792,130,1,1,0
600,79.46250153,130,1,1,0
600,252.2709961,130,1,1,0
600,241.4494934,130,1,1,0
600,310.8959961,130,1,1,0
600,310.8959961,130,1,1,0
600,59.43600082,130,1,1,0
600,60.95999908,130,1,1,0
600,42.50389862,130,1,1,0
600,249.2785034,130,1,1,0
600,45.88809967,130,1,1,0
600,32.99369812,130,1,1,0
600,58.44630051,130,1,1,0
600,309.5982971,130,1,1,0
600,44.78570175,130,1,1,0
600,243.8399963,130,1,1,0
600,88.39199829,130,1,1,0
600,234.2483063,130,1,1,0
600,49.70230103,130,1,1,0
600,444.8703003,130,1,1,0
600,60.95999908,130,1,1,0
600,185.9279938,130,1,1,0
600,166.9994965,130,1,1,0
600,273.2146912,130,1,1,0
600,148.6994019,130,1,1,0
600,91.44000244,130,1,1,0
600,182.8800049,130,1,1,0
600,53.10900116,130,1,1,0
600,67.34719849,130,1,1,0
600,186.7563019,130,1,1,0
600,180.6096954,130,1,1,0
600,182.9306946,130,1,1,0
600,213.3600006,130,1,1,0
600,62.48400116,130,1,1,0
600,49.38489914,130,1,1,0
600,42.05509949,130,1,1,0
600,299.6022034,130,1,1,0
600,91.44000244,130,1,1,0
600,38.75260162,130,1,1,0
600,180.4264984,130,1,1,0
600,62.48329926,130,1,1,0
600,156.6293945,130,1,1,0
600,51.05400085,130,1,1,0
600,176.1759949,130,1,1,0
600,184.8195953,130,1,1,0
600,269.6123047,130,1,1,0
600,138.024704,130,1,1,0
600,125.7876968,130,1,1,0
600,98.40039825,130,1,1,0
600,205.2180939,130,1,1,0
600,209.4606018,130,1,1,0
600,250.8300018,130,1,1,0
600,98.74639893,130,1,1,0
600,109.1484985,130,1,1,0
600,160.6374054,130,1,1,0
600,102.9718018,130,1,1,0
600,138.006897,130,1,1,0
600,330.2427979,130,1,1,0
600,79.16899872,130,1,1,0
600,174.7187958,130,1,1,0
600,268.3027954,130,1,1,0
600,219.559906,130,1,1,0
600,54.625,130,1,1,0
600,147.5003052,130,1,1,0
600,123.6013031,130,1,1,0
600,251.4575958,130,1,1,0
600,187.985199,130,1,1,0
600,41.83029938,130,1,1,0
600,110.4341965,130,1,1,0
600,152.3276062,130,1,1,0
600,156.8518982,130,1,1,0
600,163.263504,130,1,1,0
600,62.25289917,130,1,1,0
600,151.7866058,130,1,1,0
600,155.4091034,130,1,1,0
600,75.93810272,130,1,1,0
600,148.7277069,130,1,1,0
600,134.7359009,130,1,1,0
600,280.8330078,130,1,1,0
600,513.5578003,130,1,1,0
600,424.6441956,130,1,1,0
600,186.1237946,130,1,1,0
600,87.78569794,130,1,1,0
600,145.1078033,130,1,1,0
600,221.5834961,130,1,1,0
600,249.6320038,130,1,1,0
600,185.7588959,130,1,1,0
600,152.6891937,130,1,1,0
600,214.3242035,130,1,1,0
600,466.8120117,130,1,1,0
600,232.2066956,130,1,1,0
600,134.7720032,130,1,1,0
600,122.6082993,130,1,1,0
600,63.51490021,130,1,1,0
600,574.5601196,130,1,1,0
600,85.7947998,130,1,1,0
600,81.24590302,130,1,1,0
600,83.73470306,130,1,1,0
600,348.810791,130,1,1,0
600,56.24309921,130,1,1,0
600,56.74229813,130,1,1,0
600,85.53749847,130,1,1,0
600,76.91030121,130,1,1,0
600,353.4855042,130,1,1,0
600,450.7752075,130,1,1,0
600,211.131897,130,1,1,0
600,556.2423096,130,1,1,0
600,150.9757996,130,1,1,0
600,269.2958984,130,1,1,0
600,221.4763947,130,1,1,0
600,56.93360138,130,1,1,0
600,461.4050903,130,1,1,0
600,80.37930298,130,1,1,0
600,82.11419678,130,1,1,0
600,83.66690063,130,1,1,0
600,231.5848999,130,1,1,0
600,55.57460022,130,1,1,0
600,79.6147995,130,1,1,0
600,77.25160217,130,1,1,0
600,82.15979767,130,1,1,0
600,305.6199951,130,1,1,0
600,245.618103,130,1,1,0
600,190.699707,130,1,1,0
600,250.1600037,130,1,1,0
600,94.38580322,130,1,1,0
600,179.6092987,130,1,1,0
600,56.84609985,130,1,1,0
600,413.8790894,130,1,1,0
600,279.7824097,130,1,1,0
600,351.6299133,130,1,1,0
600,256.9873962,130,1,1,0
600,174.9308014,130,1,1,0
600,82.11139679,130,1,1,0
600,90.9661026,130,1,1,0
600,58.79349899,130,1,1,0
600,356.0281982,130,1,1,0
600,421.506012,130,1,1,0
600,58.97930145,130,1,1,0
600,242.7888947,130,1,1,0
600,231.3327026,130,1,1,0
600,94.93900299,130,1,1,0
600,242.3282013,130,1,1,0
600,404.675415,130,1,1,0
600,54.72919846,130,1,1,0
600,300.8887939,130,1,1,0
600,373.9820862,130,1,1,0
600,159.9812012,130,1,1,0
600,128.991806,130,1,1,0
600,46.14189911,130,1,1,0
600,177.2375946,130,1,1,0
600,204.5785065,130,1,1,0
600,210.5789032,130,1,1,0
600,84.93029785,130,1,1,0
600,39.67499924,130,1,1,0
600,183.6121979,130,1,1,0
600,57.89559937,130,1,1,0
600,187.248703,130,1,1,0
600,189.0917969,130,1,1,0
600,155.300705,130,1,1,0
600,215.7628021,130,1,1,0
600,63.48500061,130,1,1,0
600,181.4172974,130,1,1,0
600,213.3074036,130,1,1,0
600,101.1745987,130,1,1,0
600,591.3936157,130,1,1,0
600,108.0199966,130,1,1,0
600,212.9568939,130,1,1,0
600,54.66999817,130,1,1,0
600,92.78240204,130,1,1,0
600,316.101593,130,1,1,0
600,83.94529724,130,1,1,0
600,79.32830048,130,1,1,0
600,82.69249725,130,1,1,0
600,82.93730164,130,1,1,0
600,83.94190216,130,1,1,0
600,99.74510193,130,1,1,0
600,51.56240082,130,1,1,0
600,313.9623108,130,1,1,0
600,77.20700073,130,1,1,0
600,84.61070251,130,1,1,0
600,81.92209625,130,1,1,0
600,77.23059845,130,1,1,0
600,52.05410004,130,1,1,0
600,83.85610199,130,1,1,0
600,57.14759827,130,1,1,0
600,87.04940033,130,1,1,0
600,64.59609985,130,1,1,0
600,362.6958008,130,1,1,0
600,436.5154114,130,1,1,0
600,561.9879761,130,1,1,0
600,609.184021,130,1,1,0
600,382.8276062,130,1,1,0
600,75.44400024,130,1,1,0
600,80.72589874,130,1,1,0
600,140.7532043,130,1,1,0
600,132.8524933,130,1,1,0
600,225.4064941,130,1,1,0
600,191.6965027,130,1,1,0
600,157.8365021,130,1,1,0
600,157.483902,130,1,1,0
600,192.0090942,130,1,1,0
600,159.8256989,130,1,1,0
600,104.1949005,130,1,1,0
600,196.3724976,130,1,1,0
600,69.51270294,130,1,1,0
600,315.8981934,130,1,1,0
600,270.3728027,130,1,1,0
600,58.64509964,130,1,1,0
600,425.7896118,130,1,1,0
600,59.01380157,130,1,1,0
600,106.5485992,130,1,1,0
600,371.2807007,130,1,1,0
600,191.0269928,130,1,1,0
600,131.8618011,130,1,1,0
600,111.8778,130,1,1,0
600,177.1215973,130,1,1,0
600,57.0760994,130,1,1,0
600,414.5840149,130,1,1,0
600,247.6358032,130,1,1,0
600,60,130,1,1,0
600,332.7858887,130,1,1,0
600,749.4887695,130,1,1,0
600,193.2787933,130,1,1,0
600,152.7897949,130,1,1,0
600,457.9679871,130,1,1,0
600,223.4060974,130,1,1,0
600,236.6685028,130,1,1,0
600,490.8046875,130,1,1,0
600,183.2070007,130,1,1,0
600,192.5552063,130,1,1,0
600,175.7075958,130,1,1,0
600,153.544693,130,1,1,0
600,215.4927063,130,1,1,0
600,87.7594986,130,1,1,0
600,121.1471024,130,1,1,0
600,89.30639648,130,1,1,0
600,218.6891022,130,1,1,0
600,139.7901001,130,1,1,0
600,41.11989975,130,1,1,0
600,229.1564026,130,1,1,0
600,122.1613007,130,1,1,0
600,166.4723969,130,1,1,0
600,110.4716034,130,1,1,0
600,79.03430176,130,1,1,0
600,113.5680008,130,1,1,0
600,117.1278,130,1,1,0
600,206.6170959,130,1,1,0
600,178.3885956,130,1,1,0
600,204.4517975,130,1,1,0
600,64.13310242,130,1,1,0
600,182.9382019,130,1,1,0
600,244.2357941,130,1,1,0
600,182.4232025,130,1,1,0
600,61.78509903,130,1,1,0
600,137.7216034,130,1,1,0
600,118.4325027,130,1,1,0
600,241.9340057,130,1,1,0
600,122.4849014,130,1,1,0
600,64.77839661,130,1,1,0
600,131.0545959,130,1,1,0
600,90.54869843,130,1,1,0
600,180.4208069,130,1,1,0
600,170.4766998,130,1,1,0
600,196.8067017,130,1,1,0
600,56.72219849,130,1,1,0
600,135.172699,130,1,1,0
600,139.9682007,130,1,1,0
600,187.9326019,130,1,1,0
600,75.05200195,130,1,1,0
600,183.2476959,130,1,1,0
600,455.3711853,130,1,1,0
600,134.0648041,130,1,1,0
600,71.52839661,130,1,1,0
600,145.0744934,130,1,1,0
600,84.60050201,130,1,1,0
600,348.4003906,130,1,1,0
600,271.8742065,130,1,1,0
600,57.63610077,130,1,1,0
600,84.29530334,130,1,1,0
600,242.8199005,130,1,1,0
600,175.012207,130,1,1,0
600,88.15059662,130,1,1,0
600,57.60720062,130,1,1,0
600,380.2880859,130,1,1,0
600,82.68730164,130,1,1,0
600,82.29869843,130,1,1,0
600,82.29599762,130,1,1,0
600,83.67449951,130,1,1,0
600,40.9048996,130,1,1,0
600,217.2241974,130,1,1,0
600,202.2055969,130,1,1,0
600,130.7751007,130,1,1,0
600,156.8522034,130,1,1,0
600,82.29940033,130,1,1,0
600,85.34400177,130,1,1,0
600,266.204895,130,1,1,0
600,245.3468018,130,1,1,0
600,169.5838928,130,1,1,0
600,71.65769958,130,1,1,0
600,32.44509888,130,1,1,0
600,150.6717987,130,1,1,0
600,145.8368073,130,1,1,0
600,57.11309814,130,1,1,0
600,89.61170197,130,1,1,0
600,355.2354126,130,1,1,0
600,100.1411972,130,1,1,0
600,168.3739929,130,1,1,0
600,96.61810303,130,1,1,0
600,295.7432861,130,1,1,0
600,175.012207,130,1,1,0
600,55.18629837,130,1,1,0
600,75.86519623,130,1,1,0
600,153.9273987,130,1,1,0
600,99.22579956,130,1,1,0
600,214.9272003,130,1,1,0
600,86.15249634,130,1,1,0
600,312.3298035,130,1,1,0
600,35.72249985,130,1,1,0
600,155.165802,130,1,1,0
600,218.6421051,130,1,1,0
600,274.7503052,130,1,1,0
600,44.80410004,130,1,1,0
600,342.0492859,130,1,1,0
600,342.0177002,130,1,1,0
600,198.1481934,130,1,1,0
600,55.26129913,130,1,1,0
600,71.6411972,130,1,1,0
600,238.938797,130,1,1,0
600,82.58779907,130,1,1,0
600,172.1307068,130,1,1,0
600,119.8850021,130,1,1,0
600,386.2600098,130,1,1,0
600,188.0164032,130,1,1,0
600,104.097702,130,1,1,0
600,232.9736023,130,1,1,0
600,82.61710358,130,1,1,0
600,264.5470886,130,1,1,0
600,81.98349762,130,1,1,0
600,83.18049622,130,1,1,0
600,78.63839722,130,1,1,0
600,109.5826035,130,1,1,0
600,183.7727051,130,1,1,0
600,82.29869843,130,1,1,0
600,41.14799881,130,1,1,0
600,201.5319977,130,1,1,0
600,55.18619919,130,1,1,0
600,146.6882019,130,1,1,0
600,219.8502045,130,1,1,0
600,147.6524963,130,1,1,0
600,431.964386,130,1,1,0
600,57.93000031,130,1,1,0
600,169.5838928,130,1,1,0
600,89.69519806,130,1,1,0
600,41.2234993,130,1,1,0
600,85.34400177,130,1,1,0
600,305.7132874,130,1,1,0
600,165.1782074,130,1,1,0
600,293.4397888,130,1,1,0
600,58.2655983,130,1,1,0
600,316.9724121,130,1,1,0
600,86.46559906,130,1,1,0
600,166.5520935,130,1,1,0
600,180.7657013,130,1,1,0
600,222.8977051,130,1,1,0
600,82.56980133,130,1,1,0
600,86.71309662,130,1,1,0
600,126.4919968,130,1,1,0
600,41.77460098,130,1,1,0
600,202.6268005,130,1,1,0
600,39.86660004,130,1,1,0
600,310.5726929,130,1,1,0
600,314.2327881,130,1,1,0
600,375.9702148,130,1,1,0
600,88.62210083,130,1,1,0
600,57.75559998,130,1,1,0
600,206.0700073,130,1,1,0
600,84.77100372,130,1,1,0
600,132.4185944,130,1,1,0
600,54.88740158,130,1,1,0
600,358.5089111,130,1,1,0
600,82.29599762,130,1,1,0
600,205.5440063,130,1,1,0
600,192.1692963,130,1,1,0
600,96.31680298,130,1,1,0
600,83.47119904,130,1,1,0
600,334.6987915,130,1,1,0
600,259.3840027,130,1,1,0
600,266.6917114,130,1,1,0
600,82.26719666,130,1,1,0
600,41.15330124,130,1,1,0
600,208.7879944,130,1,1,0
600,58.04520035,130,1,1,0
600,38.80080032,130,1,1,0
600,58.21680069,130,1,1,0
600,243.3824005,130,1,1,0
600,82.29620361,130,1,1,0
600,41.16220093,130,1,1,0
600,91.57409668,130,1,1,0
600,352.817688,130,1,1,0
600,194.5312042,130,1,1,0
600,126.5943985,130,1,1,0
600,135.0776062,130,1,1,0
600,95.60990143,130,1,1,0
600,363.7850037,130,1,1,0
600,82.29599762,130,1,1,0
600,104.5507965,130,1,1,0
600,41.76179886,130,1,1,0
600,288.8622131,130,1,1,0
600,208.006897,130,1,1,0
600,39.43650055,130,1,1,0
600,57.61790085,130,1,1,0
600,151.0467072,130,1,1,0
600,56.71070099,130,1,1,0
600,58.12250137,130,1,1,0
600,85.34400177,130,1,1,0
600,39.62400055,130,1,1,0
600,85.34400177,130,1,1,0
600,260.4414063,130,1,1,0
600,212.2494049,130,1,1,0
600,85.34400177,130,1,1,0
600,223.5910034,130,1,1,0
600,48.05189896,130,1,1,0
600,42.67200089,130,1,1,0
600,85.34400177,130,1,1,0
600,77.72399902,130,1,1,0
600,85.34400177,130,1,1,0
600,85.34400177,130,1,1,0
600,42.67200089,130,1,1,0
600,94.72190094,130,1,1,0
600,169.2682037,130,1,1,0
600,251.763504,130,1,1,0
600,85.37719727,130,1,1,0
600,42.67200089,130,1,1,0
600,90.10379791,130,1,1,0
600,45.53219986,130,1,1,0
600,85.34400177,130,1,1,0
600,40.9754982,130,1,1,0
600,46.51119995,130,1,1,0
600,238.651001,130,1,1,0
600,85.34400177,130,1,1,0
600,245.7680969,130,1,1,0
600,221.0498962,130,1,1,0
600,70.54730225,130,1,1,0
600,45.49340057,130,1,1,0
600,267.6525879,130,1,1,0
600,213.9221954,130,1,1,0
600,226.1687927,130,1,1,0
600,237.135498,130,1,1,0
600,254.3916016,130,1,1,0
600,318.2763062,130,1,1,0
600,85.354599,130,1,1,0
600,300.7246094,130,1,1,0
600,84.58709717,130,1,1,0
600,205.2433929,130,1,1,0
600,89.21829987,130,1,1,0
600,85.34400177,130,1,1,0
600,85.34400177,130,1,1,0
600,85.34400177,130,1,1,0
600,29.25709915,130,1,1,0
600,81.52970123,130,1,1,0
600,37.46649933,130,1,1,0
600,85.34400177,130,1,1,0
600,85.34400177,130,1,1,0
600,190.5661011,130,1,1,0
600,65.85500336,130,1,1,0
600,39.13439941,130,1,1,0
600,261.1565857,130,1,1,0
600,50.44540024,130,1,1,0
600,46.87450027,130,1,1,0
600,241.0516968,130,1,1,0
600,63.41949844,130,1,1,0
600,170.6902008,130,1,1,0
600,133.7145996,130,1,1,0
600,212.3798981,130,1,1,0
600,54.36619949,130,1,1,0
600,42.67200089,130,1,1,0
600,76.56259918,130,1,1,0
600,86.86799622,130,1,1,0
600,90.51390076,130,1,1,0
600,42.67200089,130,1,1,0
600,140.1515961,130,1,1,0
600,40.26240158,130,1,1,0
600,45.08160019,130,1,1,0
600,212.2552948,130,1,1,0
600,113.9608994,130,1,1,0
600,60.23519897,130,1,1,0
600,264.1868896,130,1,1,0
600,310.9422913,130,1,1,0
600,67.97039795,130,1,1,0
600,412.0456848,130,1,1,0
600,419.6950989,130,1,1,0
600,112.0208969,130,1,1,0
600,65.89820099,130,1,1,0
600,462.4778137,130,1,1,0
600,43.20299911,130,1,1,0
600,243.1701965,130,1,1,0
600,401.3980103,130,1,1,0
600,61.79779816,130,1,1,0
600,423.5952148,130,1,1,0
600,448.4291992,130,1,1,0
600,252.7230988,130,1,1,0
600,258.3888855,130,1,1,0
600,305.2669983,130,1,1,0
600,83.71849823,130,1,1,0
600,101.6584015,130,1,1,0
600,256.0132141,130,1,1,0
600,145.8377991,130,1,1,0
600,186.8444977,130,1,1,0
600,173.9830017,130,1,1,0
600,123.2490997,130,1,1,0
600,133.5473022,130,1,1,0
600,182.5326996,130,1,1,0
600,92.31469727,130,1,1,0
600,131.0298004,130,1,1,0
600,105.6194,130,1,1,0
600,48.79560089,130,1,1,0
600,37.96160126,130,1,1,0
600,104.4878998,130,1,1,0
600,56.31159973,130,1,1,0
600,101.1201019,130,1,1,0
600,48.88180161,130,1,1,0
600,92.33110046,130,1,1,0
600,231.4969025,130,1,1,0
600,180.0610962,130,1,1,0
600,230.4685974,130,1,1,0
600,253.7039032,130,1,1,0
600,54.39640045,130,1,1,0
600,50.30490112,130,1,1,0
600,51.78939819,130,1,1,0
600,57.50960159,130,1,1,0
600,160.4346924,130,1,1,0
600,82.88710022,130,1,1,0
600,253.0563965,130,1,1,0
600,185.8827057,130,1,1,0
600,440.6737976,130,1,1,0
600,257.0461121,130,1,1,0
600,85.23310089,130,1,1,0
600,99.18160248,130,1,1,0
600,109.1616974,130,1,1,0
600,79.50920105,130,1,1,0
600,69.15039825,130,1,1,0
600,60.89339828,130,1,1,0
600,77.63469696,130,1,1,0
600,117.0730972,130,1,1,0
600,60.14339828,130,1,1,0
600,95.8289032,130,1,1,0
600,60.20029831,130,1,1,0
600,105.6893997,130,1,1,0
600,255.4794006,130,1,1,0
600,32.41910172,130,1,1,0
600,179.6152954,130,1,1,0
600,215.2277985,130,1,1,0
600,84.79129791,130,1,1,0
600,160.6934052,130,1,1,0
600,87.46350098,130,1,1,0
600,146.8863983,130,1,1,0
600,56.26169968,130,1,1,0
600,185.2597961,130,1,1,0
600,157.8027954,130,1,1,0
600,60.08890152,130,1,1,0
600,52.29750061,130,1,1,0
600,61.77099991,130,1,1,0
600,211.8932953,130,1,1,0
600,334.6559143,130,1,1,0
600,90.10700226,130,1,1,0
600,50.51509857,130,1,1,0
600,203.4559021,130,1,1,0
600,194.5603027,130,1,1,0
600,77.81469727,130,1,1,0
600,149.8856964,130,1,1,0
600,201.808197,130,1,1,0
600,136.2183075,130,1,1,0
600,121.8684998,130,1,1,0
600,49.92499924,130,1,1,0
600,63.10589981,130,1,1,0
600,129.3027954,130,1,1,0
600,91.71959686,130,1,1,0
600,160.6911926,130,1,1,0
600,190.2285004,130,1,1,0
600,99.9178009,130,1,1,0
600,312.6659851,130,1,1,0
600,190.9338989,130,1,1,0
600,91.7684021,130,1,1,0
600,287.532196,130,1,1,0
600,274.3521118,130,1,1,0
600,119.2113037,130,1,1,0
600,78.44229889,130,1,1,0
600,175.1351013,130,1,1,0
600,222.8695984,130,1,1,0
600,176.1755066,130,1,1,0
600,279.3096924,130,1,1,0
600,109.9712982,130,1,1,0
600,106.228302,130,1,1,0
600,103.365303,130,1,1,0
600,72.14189911,130,1,1,0
600,101.9545975,130,1,1,0
600,80.19309998,130,1,1,0
600,61.63700104,130,1,1,0
600,77.08370209,130,1,1,0
600,56.81520081,130,1,1,0
600,284.0198059,130,1,1,0
600,403.7634888,130,1,1,0
600,96.0632019,130,1,1,0
600,127.388298,130,1,1,0
600,150.4595032,130,1,1,0
600,268.065094,130,1,1,0
600,144.8153076,130,1,1,0
600,211.2807007,130,1,1,0
600,304.1012878,130,1,1,0
600,80.01100159,130,1,1,0
600,52.41070175,130,1,1,0
600,116.7873993,130,1,1,0
600,252.4250946,130,1,1,0
600,51.94419861,130,1,1,0
600,185.4096985,130,1,1,0
600,136.741394,130,1,1,0
600,136.2899017,130,1,1,0
600,61.73899841,130,1,1,0
600,445.2685852,130,1,1,0
600,200.6242981,130,1,1,0
600,305.3934021,130,1,1,0
600,131.1096039,130,1,1,0
600,82.94409943,130,1,1,0
600,90.83300018,130,1,1,0
600,112.6093979,130,1,1,0
600,111.6202011,130,1,1,0
600,51.08340073,130,1,1,0
600,172.5807953,130,1,1,0
600,87.80940247,130,1,1,0
600,121.7188034,130,1,1,0
600,95.98200226,130,1,1,0
600,221.8157043,130,1,1,0
600,200.6842957,130,1,1,0
600,56.62210083,130,1,1,0
600,147.6893005,130,1,1,0
600,80.9720993,130,1,1,0
600,157.8312988,130,1,1,0
600,48.53749847,130,1,1,0
600,94.23600006,130,1,1,0
600,298.2969055,130,1,1,0
600,160.9980011,130,1,1,0
600,138.1988983,130,1,1,0
600,50.76979828,130,1,1,0
600,139.1163025,130,1,1,0
600,81.5121994,130,1,1,0
600,232.9537048,130,1,1,0
600,79.89129639,130,1,1,0
600,53.26470184,130,1,1,0
600,285.4898987,130,1,1,0
600,84.95939636,130,1,1,0
600,110.0029984,130,1,1,0
600,109.0018997,130,1,1,0
600,174.6983948,130,1,1,0
600,124.2739029,130,1,1,0
600,114.5401001,130,1,1,0
600,103.3270035,130,1,1,0
600,361.460907,130,1,1,0
600,110.8252029,130,1,1,0
600,141.8610992,130,1,1,0
600,238.7348938,130,1,1,0
600,183.2185059,130,1,1,0
600,142.4122009,130,1,1,0
600,292.04599,130,1,1,0
600,78.03869629,130,1,1,0
600,52.49890137,130,1,1,0
600,78.38680267,130,1,1,0
600,51.5522995,130,1,1,0
600,102.123703,130,1,1,0
600,255.0818939,130,1,1,0
600,132.6347046,130,1,1,0
600,72.81729889,130,1,1,0
600,152.1166992,130,1,1,0
600,71.73539734,130,1,1,0
600,156.4273987,130,1,1,0
600,101.5344009,130,1,1,0
600,147.6949005,130,1,1,0
600,198.8473969,130,1,1,0
600,195.5588989,130,1,1,0
600,96.40409851,130,1,1,0
600,230.7344055,130,1,1,0
600,91.93840027,130,1,1,0
600,42.94350052,130,1,1,0
600,161.0778961,130,1,1,0
600,76.56549835,130,1,1,0
600,118.5861969,130,1,1,0
600,56.46459961,130,1,1,0
600,168.8179932,130,1,1,0
600,181.6710968,130,1,1,0
600,162.1399994,130,1,1,0
600,73.71109772,130,1,1,0
600,68.70140076,130,1,1,0
600,108.3012009,130,1,1,0
600,77.5121994,130,1,1,0
600,112.0559998,130,1,1,0
600,94.81159973,130,1,1,0
600,170.6575928,130,1,1,0
600,107.1164017,130,1,1,0
600,227.6121979,130,1,1,0
600,45.81969833,130,1,1,0
600,62.30820084,130,1,1,0
600,311.9165039,130,1,1,0
600,298.4677124,130,1,1,0
600,117.1804962,130,1,1,0
600,97.4693985,130,1,1,0
600,143.5140076,130,1,1,0
600,112.3290024,130,1,1,0
600,38.96870041,130,1,1,0
600,55.19210052,130,1,1,0
600,339.5661011,130,1,1,0
600,128.3235931,130,1,1,0
600,97.17169952,130,1,1,0
600,194.7881927,130,1,1,0
600,98.32309723,130,1,1,0
600,491.6691895,130,1,1,0
600,354.8866882,130,1,1,0
600,716.8823853,130,1,1,0
600,134.3011017,130,1,1,0
600,291.0712891,130,1,1,0
600,185.9759064,130,1,1,0
600,231.352005,130,1,1,0
600,185.8713989,130,1,1,0
600,104.766098,130,1,1,0
600,127.1110001,130,1,1,0
600,48.80630112,130,1,1,0
600,176.3341064,130,1,1,0
600,67.07039642,130,1,1,0
600,175.4846039,130,1,1,0
600,560.2741699,130,1,1,0
600,371.7228088,130,1,1,0
600,181.5317993,130,1,1,0
600,54.85820007,130,1,1,0
600,97.95420074,130,1,1,0
600,408.8522034,130,1,1,0
600,422.1405029,130,1,1,0
600,174.0957031,130,1,1,0
600,264.2538147,130,1,1,0
600,232.8123932,130,1,1,0
600,636.2722778,130,1,1,0
600,166.5,130,1,1,0
600,251.7406006,130,1,1,0
600,180.7875977,130,1,1,0
600,432.677002,130,1,1,0
600,89.8144989,130,1,1,0
600,167.9584045,130,1,1,0
600,292.5784912,130,1,1,0
600,183.009903,130,1,1,0
600,189.9990997,130,1,1,0
600,303.0201111,130,1,1,0
600,109.3536987,130,1,1,0
600,266.6325073,130,1,1,0
600,255.2879028,130,1,1,0
600,326.8218079,130,1,1,0
600,467.6062012,130,1,1,0
600,162.0406036,130,1,1,0
600,408.6715088,130,1,1,0
600,497.0015869,130,1,1,0
600,645.8900757,130,1,1,0
600,128.6730042,130,1,1,0
600,341.0325012,130,1,1,0
600,363.6928101,130,1,1,0
600,308.5611877,130,1,1,0
600,339.394989,130,1,1,0
600,331.1348877,130,1,1,0
600,297.6278076,130,1,1,0
600,332.2763977,130,1,1,0
600,384.3969116,130,1,1,0
600,409.7294922,130,1,1,0
600,234.3735962,130,1,1,0
600,420.3381042,130,1,1,0
600,104.0873032,130,1,1,0
600,137.1441956,130,1,1,0
600,395.4895935,130,1,1,0
600,375.3626099,130,1,1,0
600,332.2338867,130,1,1,0
600,364.0437012,130,1,1,0
600,210.2091064,130,1,1,0
600,139.2145996,130,1,1,0
600,82.26470184,130,1,1,0
600,126.6451035,130,1,1,0
600,83.32959747,130,1,1,0
600,59.46060181,130,1,1,0
600,262.331604,130,1,1,0
600,135.4196014,130,1,1,0
600,147.2563934,130,1,1,0
600,43.80250168,130,1,1,0
600,262.7127075,130,1,1,0
600,172.1109924,130,1,1,0
600,268.8778992,130,1,1,0
600,150.7490997,130,1,1,0
600,285.9346924,130,1,1,0
600,253.3139954,130,1,1,0
600,117.5217972,130,1,1,0
600,40.57870102,130,1,1,0
600,227.8784943,130,1,1,0
600,279.737915,130,1,1,0
600,210.6421967,130,1,1,0
600,72.88439941,130,1,1,0
600,257.2380066,130,1,1,0
600,204.1455994,130,1,1,0
600,219.6408997,130,1,1,0
600,123.933403,130,1,1,0
600,191.3105011,130,1,1,0
600,82.91400146,130,1,1,0
600,234.3619995,130,1,1,0
600,250.2949066,130,1,1,0
600,155.3401031,130,1,1,0
600,288.32901,130,1,1,0
600,143.1688995,130,1,1,0
600,308.0429077,130,1,1,0
600,85.72940063,130,1,1,0
600,369.5184021,130,1,1,0
600,135.9788971,130,1,1,0
600,122.9717026,130,1,1,0
600,145.4694061,130,1,1,0
600,285.5299988,130,1,1,0
600,387.2921143,130,1,1,0
600,635.5894775,130,1,1,0
600,253.5858002,130,1,1,0
600,343.4541931,130,1,1,0
600,332.7145081,130,1,1,0
600,340.4930115,130,1,1,0
600,419.2995911,130,1,1,0
600,315.8200073,130,1,1,0
600,364.5456848,130,1,1,0
600,414.5703125,130,1,1,0
600,424.1987,130,1,1,0
600,181.886795,130,1,1,0
600,84.52760315,130,1,1,0
600,431.6494141,130,1,1,0
600,275.2533875,130,1,1,0
600,243.7640076,130,1,1,0
600,435.0174866,130,1,1,0
600,373.6617126,130,1,1,0
600,102.2086029,130,1,1,0
600,240.261795,130,1,1,0
600,657.5908203,130,1,1,0
600,237.1123047,130,1,1,0
600,190.360199,130,1,1,0
600,563.680481,130,1,1,0
600,181.6735992,130,1,1,0
600,203.7326965,130,1,1,0
600,277.1889954,130,1,1,0
600,263.3595886,130,1,1,0
600,436.0179138,130,1,1,0
600,370.0887146,130,1,1,0
600,160.0171967,130,1,1,0
600,145.3200073,130,1,1,0
600,350.5787048,130,1,1,0
600,201.9792938,130,1,1,0
600,321.9480896,130,1,1,0
600,276.9230042,130,1,1,0
600,353.458313,130,1,1,0
600,310.47229,130,1,1,0
600,337.2459106,130,1,1,0
600,320.1253967,130,1,1,0
600,96.14309692,130,1,1,0
600,44.83300018,130,1,1,0
600,38.70050049,130,1,1,0
600,206.675705,130,1,1,0
600,200.6741943,130,1,1,0
600,516.416626,130,1,1,0
600,372.3406067,130,1,1,0
600,427.0888062,130,1,1,0
600,229.6576996,130,1,1,0
600,116.759697,130,1,1,0
600,303.4862976,130,1,1,0
600,69.31459808,130,1,1,0
600,132.5818939,130,1,1,0
600,404.4848938,130,1,1,0
600,172.8063965,130,1,1,0
600,226.4756012,130,1,1,0
600,346.3717041,130,1,1,0
600,378.1105042,130,1,1,0
600,172.2180939,130,1,1,0
600,447.8518066,130,1,1,0
600,498.3418884,130,1,1,0
600,109.6091003,130,1,1,0
600,188.0372009,130,1,1,0
600,501.4478149,130,1,1,0
600,244.9067993,130,1,1,0
600,249.8536987,130,1,1,0
600,326.3128052,130,1,1,0
600,284.5947876,130,1,1,0
600,193.0939026,130,1,1,0
600,131.6125946,130,1,1,0
600,375.5776062,130,1,1,0
600,63.67269897,130,1,1,0
600,319.1499939,130,1,1,0
600,170.7153931,130,1,1,0
600,186.1717987,130,1,1,0
600,432.285614,130,1,1,0
600,137.9586029,130,1,1,0
600,193.8132019,130,1,1,0
600,235.9212952,130,1,1,0
600,123.9468994,130,1,1,0
600,123.0477982,130,1,1,0
600,154.347702,130,1,1,0
600,356.8446045,130,1,1,0
600,321.5151978,130,1,1,0
600,212.2353058,130,1,1,0
600,244.0075989,130,1,1,0
600,93.37550354,130,1,1,0
600,238.7010956,130,1,1,0
600,141.1376038,130,1,1,0
600,262.7009888,130,1,1,0
600,74.24320221,130,1,1,0
600,354.2872925,130,1,1,0
600,178.6858978,130,1,1,0
600,299.7402954,130,1,1,0
600,123.7031021,130,1,1,0
600,82.29599762,130,1,1,0
600,286.4418945,130,1,1,0
600,159.5811005,130,1,1,0
600,438.1560974,130,1,1,0
600,355.896698,130,1,1,0
600,287.645813,130,1,1,0
600,352.528595,130,1,1,0
600,248.5673981,130,1,1,0
600,357.6583862,130,1,1,0
600,209.4188995,130,1,1,0
600,259.1227112,130,1,1,0
600,568.1594238,130,1,1,0
600,98.7582016,130,1,1,0
600,224.4669037,130,1,1,0
600,292.754303,130,1,1,0
600,575.2216187,130,1,1,0
600,104.9884033,130,1,1,0
600,181.5419006,130,1,1,0
600,291.4679871,130,1,1,0
600,162.4004974,130,1,1,0
600,285.9237061,130,1,1,0
600,77.11740112,130,1,1,0
600,320.2503052,130,1,1,0
600,171.861496,130,1,1,0
600,323.0880127,130,1,1,0
600,75.5904007,130,1,1,0
600,311.234314,130,1,1,0
600,174.4125977,130,1,1,0
600,318.6257019,130,1,1,0
600,73.41110229,130,1,1,0
600,258.375885,130,1,1,0
600,79.51010132,130,1,1,0
600,325.6758118,130,1,1,0
600,268.2148132,130,1,1,0
600,85.34400177,130,1,1,0
600,249.2319031,130,1,1,0
600,374.9039917,130,1,1,0
600,85.34400177,130,1,1,0
600,69.99120331,130,1,1,0
600,173.3977051,130,1,1,0
600,342.5617065,130,1,1,0
600,257.8089905,130,1,1,0
600,213.7288055,130,1,1,0
600,120.5240021,130,1,1,0
600,196.1692963,130,1,1,0
600,163.8421936,130,1,1,0
600,144.8775024,130,1,1,0
600,217.6576996,130,1,1,0
600,41.18149948,130,1,1,0
600,218.4745026,130,1,1,0
600,231.3036041,130,1,1,0
600,162.3943939,130,1,1,0
600,197.8395996,130,1,1,0
600,115.2022018,130,1,1,0
600,69.02500153,130,1,1,0
600,82.30210114,130,1,1,0
600,327.8124084,130,1,1,0
600,215.0699005,130,1,1,0
600,189.9514008,130,1,1,0
600,102.9492035,130,1,1,0
600,551.6574707,130,1,1,0
600,192.4720001,130,1,1,0
600,367.5217896,130,1,1,0
600,144.2678986,130,1,1,0
600,224.7015991,130,1,1,0
600,396.6849976,130,1,1,0
600,256.3794861,130,1,1,0
600,335.1672058,130,1,1,0
600,414.3604126,130,1,1,0
600,152.3999939,130,1,1,0
600,42.36109924,130,1,1,0
600,229.8618927,130,1,1,0
600,83.55789948,130,1,1,0
600,161.4250946,130,1,1,0
600,178.9815979,130,1,1,0
600,469.245697,130,1,1,0
600,86.26450348,130,1,1,0
600,357.7377014,130,1,1,0
600,326.0810852,130,1,1,0
600,159.1026001,130,1,1,0
600,346.7221985,130,1,1,0
600,292.65979,130,1,1,0
600,130.9299011,130,1,1,0
600,50.45959854,130,1,1,0
600,155.447998,130,1,1,0
600,82.29599762,130,1,1,0
600,104.134903,130,1,1,0
600,436.3395081,130,1,1,0
600,124.0597,130,1,1,0
600,82.29599762,130,1,1,0
600,155.447998,130,1,1,0
600,83.17990112,130,1,1,0
600,236.107193,130,1,1,0
600,203.4600983,130,1,1,0
600,41.45280075,130,1,1,0
600,40.84320068,130,1,1,0
600,79.12909698,130,1,1,0
600,154.6280975,130,1,1,0
600,78.27570343,130,1,1,0
600,92.96399689,130,1,1,0
600,188.5706024,130,1,1,0
600,175.506897,130,1,1,0
600,222.5101013,130,1,1,0
600,359.8652039,130,1,1,0
600,201.5733948,130,1,1,0
600,67.38210297,130,1,1,0
600,372.6332092,130,1,1,0
600,85.94750214,130,1,1,0
600,78.27870178,130,1,1,0
600,128.296402,130,1,1,0
600,159.334198,130,1,1,0
600,235.4732056,130,1,1,0
600,111.6756973,130,1,1,0
600,147.5597992,130,1,1,0
600,210.3455048,130,1,1,0
600,115.2113037,130,1,1,0
600,358.1308899,130,1,1,0
600,260.4667969,130,1,1,0
600,26.98089981,130,1,1,0
600,111.4532013,130,1,1,0
600,451.0674133,130,1,1,0
600,294.1319885,130,1,1,0
600,390.1440125,130,1,1,0
600,386.239502,130,1,1,0
600,103.8149033,130,1,1,0
600,367.2504883,130,1,1,0
600,101.4679031,130,1,1,0
600,77.6568985,130,1,1,0
600,88.39199829,130,1,1,0
600,87.29470062,130,1,1,0
600,184.6936035,130,1,1,0
600,222.4400024,130,1,1,0
600,45.32989883,130,1,1,0
600,332.2319946,130,1,1,0
600,79.22360229,130,1,1,0
600,93.40899658,130,1,1,0
600,283.4122009,130,1,1,0
600,172.928299,130,1,1,0
600,2922.117676,130,1,1,0
600,257.0195923,130,1,1,0
600,855.8884277,130,1,1,0
600,132.069397,130,1,1,0
600,149.9432983,130,1,1,0
600,249.9116974,130,1,1,0
600,267.6106873,130,1,1,0
600,379.8232117,130,1,1,0
600,469.7561951,130,1,1,0
600,445.9979858,130,1,1,0
600,171.6472015,130,1,1,0
600,219.7608032,130,1,1,0
600,95.7071991,130,1,1,0
600,90.31590271,130,1,1,0
600,53.7478981,130,1,1,0
600,127.5158997,130,1,1,0
600,386.5905151,130,1,1,0
600,347.5249023,130,1,1,0
600,134.4777985,130,1,1,0
600,304.8583069,130,1,1,0
600,58.86539841,130,1,1,0
600,608.8206177,130,1,1,0
600,219.9904938,130,1,1,0
600,41.32590103,130,1,1,0
600,104.0206985,130,1,1,0
600,97.40920258,130,1,1,0
600,105.8038025,130,1,1,0
600,140.6128998,130,1,1,0
600,119.1464996,130,1,1,0
600,161.4208984,130,1,1,0
600,391.8387146,130,1,1,0
600,341.7149963,130,1,1,0
600,284.1636963,130,1,1,0
600,167.0292969,130,1,1,0
600,230.6598053,130,1,1,0
600,605.9857788,130,1,1,0
600,54.12659836,130,1,1,0
600,482.9500122,130,1,1,0
600,91.15609741,130,1,1,0
600,530.7435303,130,1,1,0
600,229.1360016,130,1,1,0
600,261.5952148,130,1,1,0
600,57.7901001,130,1,1,0
600,202.2156067,130,1,1,0
600,59.94200134,130,1,1,0
600,130.1374054,130,1,1,0
600,102.9044037,130,1,1,0
600,104.4079971,130,1,1,0
600,59.97050095,130,1,1,0
600,55.79349899,130,1,1,0
600,464.5624084,130,1,1,0
600,357.1455994,130,1,1,0
600,169.2774963,130,1,1,0
600,54.07649994,130,1,1,0
600,193.1062012,130,1,1,0
600,170.969101,130,1,1,0
600,183.7702942,130,1,1,0
600,55.08639908,130,1,1,0
600,373.5325012,130,1,1,0
600,440.6312866,130,1,1,0
600,168.7245941,130,1,1,0
600,54.42290115,130,1,1,0
600,156.3638,130,1,1,0
600,135.7595978,130,1,1,0
600,221.2624054,130,1,1,0
600,200.1103973,130,1,1,0
600,120.4561005,130,1,1,0
600,1136.599243,130,1,1,0
600,307.1776123,130,1,1,0
600,122.615799,130,1,1,0
600,578.6378174,130,1,1,0
600,578.232605,130,1,1,0
600,532.6057739,130,1,1,0
600,194.2178955,130,1,1,0
600,201.7041016,130,1,1,0
600,468.0375977,130,1,1,0
600,303.0073853,130,1,1,0
600,279.4625854,130,1,1,0
600,597.7473755,130,1,1,0
600,301.7307129,130,1,1,0
600,108.4881973,130,1,1,0
600,433.4693909,130,1,1,0
600,367.8789063,130,1,1,0
600,310.6452942,130,1,1,0
600,229.9064026,130,1,1,0
600,224.1230927,130,1,1,0
600,185.5493927,130,1,1,0
600,388.3922119,130,1,1,0
600,400.1583862,130,1,1,0
600,53.4355011,130,1,1,0
600,477.9432983,130,1,1,0
600,426.4869995,130,1,1,0
600,84.17839813,130,1,1,0
600,496.4865112,130,1,1,0
600,60.26029968,130,1,1,0
600,479.1254883,130,1,1,0
600,116.7578964,130,1,1,0
600,270.4446106,130,1,1,0
600,403.384491,130,1,1,0
600,134.423996,130,1,1,0
600,324.145813,130,1,1,0
600,54.29119873,130,1,1,0
600,184.8878937,130,1,1,0
600,525.690918,130,1,1,0
600,84.0821991,130,1,1,0
600,74.56829834,130,1,1,0
600,341.1983948,130,1,1,0
600,294.3761902,130,1,1,0
600,299.2643127,130,1,1,0
600,634.7700195,130,1,1,0
600,181.8755035,130,1,1,0
600,623.1726074,130,1,1,0
600,97.353302,130,1,1,0
600,526.8093262,130,1,1,0
600,239.9458008,130,1,1,0
600,15.34840012,130,1,1,0
600,528.5031738,130,1,1,0
600,196.4118042,130,1,1,0
600,653.6328125,130,1,1,0
600,340.1178894,130,1,1,0
600,511.5072021,130,1,1,0
600,126.7991028,130,1,1,0
600,254.6306,130,1,1,0
600,999.1981812,130,1,1,0
600,734.2041016,130,1,1,0
600,186.4998016,130,1,1,0
600,749.4069824,130,1,1,0
600,180.1515961,130,1,1,0
600,457.5961914,130,1,1,0
600,531.0369263,130,1,1,0
600,140.6199951,130,1,1,0
600,327.2432861,130,1,1,0
600,403.149292,130,1,1,0
600,506.877594,130,1,1,0
600,27.39669991,130,1,1,0
600,184.4100952,130,1,1,0
600,192.0792999,130,1,1,0
600,510.6939087,130,1,1,0
600,382.8287964,130,1,1,0
600,426.7200012,130,1,1,0
600,167.5270996,130,1,1,0
600,1654.759155,130,1,1,0
600,53.90909958,130,1,1,0
600,128.3925018,130,1,1,0
600,195.0720062,130,1,1,0
600,461.1624146,130,1,1,0
600,262.7376099,130,1,1,0
600,122.402298,130,1,1,0
600,76.24120331,130,1,1,0
600,72.71379852,130,1,1,0
600,339.4049988,130,1,1,0
600,80.60900116,130,1,1,0
600,93.34500122,130,1,1,0
600,491.7286987,130,1,1,0
600,48.67050171,130,1,1,0
600,74.58760071,130,1,1,0
600,252.2711945,130,1,1,0
600,298.5498962,130,1,1,0
600,189.6475983,130,1,1,0
600,132.3939972,130,1,1,0
600,145.9992065,130,1,1,0
600,213.0552063,130,1,1,0
600,186.8968964,130,1,1,0
600,276.7315063,130,1,1,0
600,111.9180984,130,1,1,0
600,239.0565948,130,1,1,0
600,119.4815979,130,1,1,0
600,211.2263947,130,1,1,0
600,220.7218018,130,1,1,0
600,265.3525085,130,1,1,0
600,84.42960358,130,1,1,0
600,551.3831787,130,1,1,0
600,121.9199982,130,1,1,0
600,121.9199982,130,1,1,0
600,121.9199982,130,1,1,0
600,60.95999908,130,1,1,0
600,60.95999908,130,1,1,0
600,182.8800049,130,1,1,0
600,152.3999939,130,1,1,0
600,91.44000244,130,1,1,0
600,152.3999939,130,1,1,0
600,91.44000244,130,1,1,0
600,91.44000244,130,1,1,0
600,91.44000244,130,1,1,0
600,91.44000244,130,1,1,0
600,121.9199982,130,1,1,0
600,60.95999908,130,1,1,0
600,91.44000244,130,1,1,0
600,91.44000244,130,1,1,0
600,30.47999954,130,1,1,0
600,467.7019043,130,1,1,0
600,162.9004059,130,1,1,0
600,152.5036011,130,1,1,0
600,609.5999756,130,1,1,0
600,304.7999878,130,1,1,0
600,304.7999878,130,1,1,0
600,304.7999878,130,1,1,0
600,304.7999878,130,1,1,0
